<?xml version="1.0" encoding="utf-8"?>
<edmx:Edmx Version="1.0" xmlns:edmx="http://schemas.microsoft.com/ado/2007/06/edmx" xmlns:m="http://schemas.microsoft.com/ado/2007/08/dataservices/metadata" xmlns:sap="http://www.sap.com/Protocols/SAPData">
    <edmx:Reference Uri="http://61.97.134.34:8000/sap/opu/odata/iwfnd/catalogservice;v=2/Vocabularies(TechnicalName='%2FIWBEP%2FVOC_AGGREGATION',Version='0001',SAP__Origin='LOCAL')/$value" xmlns:edmx="http://docs.oasis-open.org/odata/ns/edmx">
        <edmx:Include Namespace="Org.OData.Aggregation.V1" Alias="Aggregation"/>
    </edmx:Reference>
    <edmx:Reference Uri="http://61.97.134.34:8000/sap/opu/odata/iwfnd/catalogservice;v=2/Vocabularies(TechnicalName='%2FIWBEP%2FVOC_ANALYTICS',Version='0001',SAP__Origin='LOCAL')/$value" xmlns:edmx="http://docs.oasis-open.org/odata/ns/edmx">
        <edmx:Include Namespace="com.sap.vocabularies.Analytics.v1" Alias="Analytics"/>
    </edmx:Reference>
    <edmx:Reference Uri="http://61.97.134.34:8000/sap/opu/odata/iwfnd/catalogservice;v=2/Vocabularies(TechnicalName='%2FIWBEP%2FVOC_CAPABILITIES',Version='0001',SAP__Origin='LOCAL')/$value" xmlns:edmx="http://docs.oasis-open.org/odata/ns/edmx">
        <edmx:Include Namespace="Org.OData.Capabilities.V1" Alias="Capabilities"/>
    </edmx:Reference>
    <edmx:Reference Uri="http://61.97.134.34:8000/sap/opu/odata/iwfnd/catalogservice;v=2/Vocabularies(TechnicalName='%2FIWBEP%2FVOC_CODELIST',Version='0001',SAP__Origin='LOCAL')/$value" xmlns:edmx="http://docs.oasis-open.org/odata/ns/edmx">
        <edmx:Include Namespace="com.sap.vocabularies.CodeList.v1" Alias="SAP__CodeList"/>
    </edmx:Reference>
    <edmx:Reference Uri="http://61.97.134.34:8000/sap/opu/odata/iwfnd/catalogservice;v=2/Vocabularies(TechnicalName='%2FIWBEP%2FVOC_COMMON',Version='0001',SAP__Origin='LOCAL')/$value" xmlns:edmx="http://docs.oasis-open.org/odata/ns/edmx">
        <edmx:Include Namespace="com.sap.vocabularies.Common.v1" Alias="Common"/>
    </edmx:Reference>
    <edmx:Reference Uri="http://61.97.134.34:8000/sap/opu/odata/iwfnd/catalogservice;v=2/Vocabularies(TechnicalName='%2FIWBEP%2FVOC_COMMUNICATION',Version='0001',SAP__Origin='LOCAL')/$value" xmlns:edmx="http://docs.oasis-open.org/odata/ns/edmx">
        <edmx:Include Namespace="com.sap.vocabularies.Communication.v1" Alias="Communication"/>
    </edmx:Reference>
    <edmx:Reference Uri="http://61.97.134.34:8000/sap/opu/odata/iwfnd/catalogservice;v=2/Vocabularies(TechnicalName='%2FIWBEP%2FVOC_MEASURES',Version='0001',SAP__Origin='LOCAL')/$value" xmlns:edmx="http://docs.oasis-open.org/odata/ns/edmx">
        <edmx:Include Namespace="Org.OData.Measures.V1" Alias="Measures"/>
    </edmx:Reference>
    <edmx:Reference Uri="http://61.97.134.34:8000/sap/opu/odata/iwfnd/catalogservice;v=2/Vocabularies(TechnicalName='%2FIWBEP%2FVOC_PERSONALDATA',Version='0001',SAP__Origin='LOCAL')/$value" xmlns:edmx="http://docs.oasis-open.org/odata/ns/edmx">
        <edmx:Include Namespace="com.sap.vocabularies.PersonalData.v1" Alias="PersonalData"/>
    </edmx:Reference>
    <edmx:Reference Uri="http://61.97.134.34:8000/sap/opu/odata/iwfnd/catalogservice;v=2/Vocabularies(TechnicalName='%2FIWBEP%2FVOC_UI',Version='0001',SAP__Origin='LOCAL')/$value" xmlns:edmx="http://docs.oasis-open.org/odata/ns/edmx">
        <edmx:Include Namespace="com.sap.vocabularies.UI.v1" Alias="UI"/>
    </edmx:Reference>
    <edmx:Reference Uri="http://61.97.134.34:8000/sap/opu/odata/iwfnd/catalogservice;v=2/Vocabularies(TechnicalName='%2FIWBEP%2FVOC_VALIDATION',Version='0001',SAP__Origin='LOCAL')/$value" xmlns:edmx="http://docs.oasis-open.org/odata/ns/edmx">
        <edmx:Include Namespace="Org.OData.Validation.V1" Alias="Validation"/>
    </edmx:Reference>
    <edmx:DataServices m:DataServiceVersion="2.0">
        <Schema Namespace="ZC15_C_SARR_CDS" xml:lang="en" sap:schema-version="1" xmlns="http://schemas.microsoft.com/ado/2008/09/edm">
            <EntityType Name="ZC15_C_SARRType" sap:label="SCARR" sap:content-version="1">
                <Key>
                    <PropertyRef Name="Carrid"/>
                </Key>
                <Property Name="Carrid" Type="Edm.String" Nullable="false" MaxLength="3" sap:display-format="UpperCase" sap:label="Airline" sap:quickinfo="Airline Code"/>
                <Property Name="Carrname" Type="Edm.String" MaxLength="20" sap:label="Airline" sap:quickinfo="Airline name"/>
                <Property Name="Currcode" Type="Edm.String" MaxLength="5" sap:display-format="UpperCase" sap:label="Airline Currency" sap:quickinfo="Local currency of airline" sap:semantics="currency-code"/>
                <Property Name="Url" Type="Edm.String" MaxLength="255" sap:label="URL" sap:quickinfo="Airline URL"/>
                <NavigationProperty Name="to_ZSFLIGHT" Relationship="ZC15_C_SARR_CDS.assoc_457E0F7CF2F3522E2923BF71A5019EE4" FromRole="FromRole_assoc_457E0F7CF2F3522E2923BF71A5019EE4" ToRole="ToRole_assoc_457E0F7CF2F3522E2923BF71A5019EE4"/>
            </EntityType>
            <EntityType Name="ZC15_C_SFLIGHTType" sap:label="sflight" sap:content-version="1">
                <Key>
                    <PropertyRef Name="Carrid"/>
                    <PropertyRef Name="Connid"/>
                    <PropertyRef Name="Fldate"/>
                </Key>
                <Property Name="Carrid" Type="Edm.String" Nullable="false" MaxLength="3" sap:display-format="UpperCase" sap:label="Airline" sap:quickinfo="Airline Code"/>
                <Property Name="Connid" Type="Edm.String" Nullable="false" MaxLength="4" sap:display-format="NonNegative" sap:label="Connection Number" sap:quickinfo="Flight Connection Number"/>
                <Property Name="Fldate" Type="Edm.DateTime" Nullable="false" Precision="0" sap:display-format="Date" sap:label="Flight Date" sap:quickinfo="Flight date"/>
                <Property Name="Price" Type="Edm.Decimal" Precision="16" Scale="3" sap:label="Airfare"/>
                <Property Name="Currency" Type="Edm.String" MaxLength="5" sap:display-format="UpperCase" sap:label="Airline Currency" sap:quickinfo="Local currency of airline" sap:semantics="currency-code"/>
                <Property Name="Planetype" Type="Edm.String" MaxLength="10" sap:display-format="UpperCase" sap:label="Plane Type" sap:quickinfo="Aircraft Type"/>
                <Property Name="Seatsmax" Type="Edm.Int32" sap:label="Max. Capacity Econ." sap:quickinfo="Maximum Capacity in Economy Class"/>
                <Property Name="Seatsocc" Type="Edm.Int32" sap:label="Occupied Econ." sap:quickinfo="Occupied Seats in Economy Class"/>
                <Property Name="Paymentsum" Type="Edm.Decimal" Precision="18" Scale="3" sap:label="Booking total" sap:quickinfo="Total of current bookings"/>
                <Property Name="SeatsmaxB" Type="Edm.Int32" sap:label="Max. Capacity Bus." sap:quickinfo="Maximum Capacity in Business Class"/>
                <Property Name="SeatsoccB" Type="Edm.Int32" sap:label="Occupied Bus." sap:quickinfo="Occupied Seats in Business Class"/>
                <Property Name="SeatsmaxF" Type="Edm.Int32" sap:label="Max. Capacity 1st" sap:quickinfo="Maximum Capacity in First Class"/>
                <Property Name="SeatsoccF" Type="Edm.Int32" sap:label="Occupied 1st" sap:quickinfo="Occupied Seats in First Class"/>
            </EntityType>
            <Association Name="assoc_457E0F7CF2F3522E2923BF71A5019EE4" sap:content-version="1">
                <End Type="ZC15_C_SARR_CDS.ZC15_C_SARRType" Multiplicity="1" Role="FromRole_assoc_457E0F7CF2F3522E2923BF71A5019EE4"/>
                <End Type="ZC15_C_SARR_CDS.ZC15_C_SFLIGHTType" Multiplicity="*" Role="ToRole_assoc_457E0F7CF2F3522E2923BF71A5019EE4"/>
            </Association>
            <EntityContainer Name="ZC15_C_SARR_CDS_Entities" m:IsDefaultEntityContainer="true" sap:message-scope-supported="true" sap:supported-formats="atom json xlsx">
                <EntitySet Name="ZC15_C_SARR" EntityType="ZC15_C_SARR_CDS.ZC15_C_SARRType" sap:creatable="false" sap:updatable="false" sap:deletable="false" sap:content-version="1"/>
                <EntitySet Name="ZC15_C_SFLIGHT" EntityType="ZC15_C_SARR_CDS.ZC15_C_SFLIGHTType" sap:creatable="false" sap:updatable="false" sap:deletable="false" sap:content-version="1"/>
                <AssociationSet Name="assoc_457E0F7CF2F3522E2923BF71A5019EE4" Association="ZC15_C_SARR_CDS.assoc_457E0F7CF2F3522E2923BF71A5019EE4" sap:creatable="false" sap:updatable="false" sap:deletable="false" sap:content-version="1">
                    <End EntitySet="ZC15_C_SARR" Role="FromRole_assoc_457E0F7CF2F3522E2923BF71A5019EE4"/>
                    <End EntitySet="ZC15_C_SFLIGHT" Role="ToRole_assoc_457E0F7CF2F3522E2923BF71A5019EE4"/>
                </AssociationSet>
            </EntityContainer>
            <Annotation Term="Core.SchemaVersion" String="1.0.0" xmlns="http://docs.oasis-open.org/odata/ns/edm"/>
            <Annotations Target="ZC15_C_SARR_CDS.ZC15_C_SARR_CDS_Entities" xmlns="http://docs.oasis-open.org/odata/ns/edm">
                <Annotation Term="Common.ApplyMultiUnitBehaviorForSortingAndFiltering" Bool="true"/>
            </Annotations>
            <Annotations Target="ZC15_C_SARR_CDS.ZC15_C_SARR_CDS_Entities/ZC15_C_SARR" xmlns="http://docs.oasis-open.org/odata/ns/edm">
                <Annotation Term="Capabilities.NavigationRestrictions">
                    <Record>
                        <PropertyValue Property="RestrictedProperties">
                            <Collection>
                                <Record>
                                    <PropertyValue Property="NavigationProperty" NavigationPropertyPath="to_ZSFLIGHT"/>
                                    <PropertyValue Property="InsertRestrictions">
                                        <Record>
                                            <PropertyValue Property="Insertable" Bool="false"/>
                                        </Record>
                                    </PropertyValue>
                                </Record>
                            </Collection>
                        </PropertyValue>
                    </Record>
                </Annotation>
            </Annotations>
            <atom:link rel="self" href="http://61.97.134.34:8000/sap/opu/odata/sap/ZC15_C_SARR_CDS/$metadata" xmlns:atom="http://www.w3.org/2005/Atom"/>
            <atom:link rel="latest-version" href="http://61.97.134.34:8000/sap/opu/odata/sap/ZC15_C_SARR_CDS/$metadata" xmlns:atom="http://www.w3.org/2005/Atom"/>
        </Schema>
    </edmx:DataServices>
</edmx:Edmx>